Date,Region/City,Region/City-Eng,Day-Confirmed,Day-Deaths,Day-Recovered,Confirmed,Deaths,Recovered
2020-01-26,Diamond Princess,Diamond Princess,3.0,0.0,0.0,3.0,0.0,0.0
2020-01-31,Тюменская область,Tyumen region,1.0,0.0,0.0,1.0,0.0,0.0
2020-01-31,Забайкальский край,Transbaikal region,1.0,0.0,0.0,1.0,0.0,0.0
2020-02-12,Тюменская область,Tyumen region,0.0,0.0,1.0,1.0,0.0,1.0
2020-02-12,Забайкальский край,Transbaikal region,0.0,0.0,1.0,1.0,0.0,1.0
2020-02-03,Московская область,Moscow region,1.0,0.0,0.0,1.0,0.0,0.0
2020-03-05,Санкт-Петербург,St. Petersburg,1.0,0.0,0.0,1.0,0.0,0.0
2020-03-06,Москва,Moscow,5.0,0.0,0.0,5.0,0.0,0.0
2020-03-06,Нижегородская область,Nizhny Novgorod Region,1.0,0.0,0.0,1.0,0.0,0.0
2020-03-06,Diamond Princess,Diamond Princess,0.0,0.0,3.0,3.0,0.0,3.0
2020-03-07,Москва,Moscow,0.0,0.0,1.0,5.0,0.0,1.0
2020-03-07,Санкт-Петербург,St. Petersburg,1.0,0.0,0.0,2.0,0.0,0.0
2020-03-07,Липецкая область,Lipetsk region,3.0,0.0,0.0,3.0,0.0,0.0
2020-03-08,Московская область,Moscow region,1.0,0.0,0.0,2.0,0.0,0.0
2020-03-08,Белгород,Belgorod,1.0,0.0,0.0,1.0,0.0,0.0
2020-03-08,Калининградская область,Kaliningrad region,1.0,0.0,0.0,1.0,0.0,0.0
2020-03-09,Москва,Moscow,3.0,0.0,0.0,8.0,0.0,1.0
2020-03-11,Москва,Moscow,6.0,0.0,0.0,14.0,0.0,1.0
2020-03-11,Московская область,Moscow region,2.0,0.0,0.0,4.0,0.0,0.0
2020-03-12,Москва,Moscow,4.0,0.0,0.0,18.0,0.0,1.0
2020-03-12,Калининградская область,Kaliningrad region,1.0,0.0,0.0,2.0,0.0,0.0
2020-03-12,Краснодарский край,Krasnodar region,1.0,0.0,0.0,1.0,0.0,0.0
2020-03-13,Москва,Moscow,5.0,0.0,0.0,23.0,0.0,1.0
2020-03-13,Московская область,Moscow region,1.0,0.0,0.0,5.0,0.0,0.0
2020-03-13,Санкт-Петербург,St. Petersburg,3.0,0.0,0.0,5.0,0.0,0.0
2020-03-13,Ленинградская область,Leningrad region,1.0,0.0,0.0,1.0,0.0,0.0
2020-03-13,Пермский край,Perm,1.0,0.0,0.0,1.0,0.0,0.0
2020-03-14,Москва,Moscow,9.0,0.0,0.0,32.0,0.0,1.0
2020-03-14,Московская область,Moscow region,1.0,0.0,0.0,6.0,0.0,0.0
2020-03-14,Санкт-Петербург,St. Petersburg,1.0,0.0,0.0,6.0,0.0,0.0
2020-03-14,Кемеровская область,Kemerovo region,2.0,0.0,0.0,2.0,0.0,0.0
2020-03-14,Калининградская область,Kaliningrad region,1.0,0.0,0.0,3.0,0.0,0.0
2020-03-15,Московская область,Moscow region,3.0,0.0,0.0,9.0,0.0,0.0
2020-03-15,Тюменская область,Tyumen region,1.0,0.0,0.0,2.0,0.0,1.0
2020-03-16,Москва,Moscow,20.0,0.0,0.0,52.0,0.0,1.0
2020-03-16,Санкт-Петербург,St. Petersburg,3.0,0.0,2.0,9.0,0.0,2.0
2020-03-16,Московская область,Moscow region,1.0,0.0,0.0,10.0,0.0,0.0
2020-03-16,Самарская область,Samara Region,3.0,0.0,0.0,3.0,0.0,0.0
2020-03-16,Кировская область,Kirov region,1.0,0.0,0.0,1.0,0.0,0.0
2020-03-16,Пермский край,Perm,1.0,0.0,0.0,2.0,0.0,0.0
2020-03-16,Республика коми,Komi Republic,1.0,0.0,0.0,1.0,0.0,0.0
2020-03-17,Москва,Moscow,3.0,0.0,0.0,55.0,0.0,1.0
2020-03-17,Самарская область,Samara Region,2.0,0.0,0.0,5.0,0.0,0.0
2020-03-17,Калининградская область,Kaliningrad region,2.0,0.0,0.0,5.0,0.0,0.0
2020-03-17,Тверская область,Tver region,2.0,0.0,0.0,2.0,0.0,0.0
2020-03-17,Московская область,Moscow region,2.0,0.0,0.0,12.0,0.0,0.0
2020-03-17,Красноярский край,Krasnoyarsk region,1.0,0.0,0.0,1.0,0.0,0.0
2020-03-17,Тамбовская область,Tambov Region,1.0,0.0,0.0,1.0,0.0,0.0
2020-03-17,Калужская область,Kaluga region,1.0,0.0,0.0,1.0,0.0,0.0
2020-03-17,Нижегородская область,Nizhny Novgorod Region,1.0,0.0,1.0,2.0,0.0,1.0
2020-03-17,Пензенская область,Penza region,1.0,0.0,0.0,1.0,0.0,0.0
2020-03-17,Республика Татарстан,Republic of Tatarstan,1.0,0.0,0.0,1.0,0.0,0.0
2020-03-17,Республика Хакасия,The Republic of Khakassia,1.0,0.0,0.0,1.0,0.0,0.0
2020-03-17,Свердловская область,Sverdlovsk region,1.0,0.0,0.0,1.0,0.0,0.0
2020-03-17,Архангельская область,Arhangelsk region,1.0,0.0,0.0,1.0,0.0,0.0
2020-03-17,Ярославская область,Yaroslavskaya oblast,1.0,0.0,0.0,1.0,0.0,0.0
2020-03-18,Москва,Moscow,31.0,0.0,0.0,86.0,0.0,1.0
2020-03-18,Томская область,Tomsk region,1.0,0.0,0.0,1.0,0.0,0.0
2020-03-18,Новосибирская область,Novosibirsk region,1.0,0.0,0.0,1.0,0.0,0.0
2020-03-19,Москва,Moscow,12.0,0.0,4.0,98.0,0.0,5.0
2020-03-19,Московская область,Moscow region,5.0,0.0,1.0,17.0,0.0,1.0
2020-03-19,Свердловская область,Sverdlovsk region,5.0,0.0,0.0,6.0,0.0,0.0
2020-03-19,Тульская область,Tula region,3.0,0.0,0.0,3.0,0.0,0.0
2020-03-19,Красноярский край,Krasnoyarsk region,3.0,0.0,0.0,4.0,0.0,0.0
2020-03-19,Хабаровский край,Khabarovsk region,3.0,0.0,0.0,3.0,0.0,0.0
2020-03-19,Тамбовская область,Tambov Region,2.0,0.0,0.0,3.0,0.0,0.0
2020-03-19,Воронежская область,Voronezh region,2.0,0.0,0.0,2.0,0.0,0.0
2020-03-19,Краснодарский край,Krasnodar region,2.0,0.0,0.0,3.0,0.0,0.0
2020-03-19,Кировская область,Kirov region,2.0,0.0,0.0,3.0,0.0,0.0
2020-03-19,Ивановская область,Ivanovo region,1.0,0.0,0.0,1.0,0.0,0.0
2020-03-19,Рязанская область,Ryazan Oblast,1.0,0.0,0.0,1.0,0.0,0.0
2020-03-19,Мурманская область,Murmansk region,1.0,0.0,0.0,1.0,0.0,0.0
2020-03-19,Нижегородская область,Nizhny Novgorod Region,1.0,0.0,0.0,3.0,0.0,1.0
2020-03-19,Пермский край,Perm,1.0,0.0,0.0,3.0,0.0,0.0
2020-03-19,Новосибирская область,Novosibirsk region,1.0,0.0,0.0,2.0,0.0,0.0
2020-03-19,Якутия,Yakutia,1.0,0.0,0.0,1.0,0.0,0.0
2020-03-19,Оренбургская область,Orenburg region,1.0,0.0,0.0,1.0,0.0,0.0
2020-03-19,Ханты-Мансийский АО,Khanty-Mansiysk,1.0,0.0,0.0,1.0,0.0,0.0
2020-03-19,Санкт-Петербург,St. Petersburg,1.0,0.0,0.0,10.0,0.0,2.0
2020-03-19,Республика Чувашия,Chuvash Republic,1.0,0.0,0.0,1.0,0.0,0.0
2020-03-19,Саратовская область,Saratov region,1.0,0.0,0.0,1.0,0.0,0.0
2020-03-19,Тверская область,Tver region,1.0,0.0,0.0,3.0,0.0,0.0
2020-03-19,Липецкая область,Lipetsk region,0.0,0.0,3.0,3.0,0.0,3.0
2020-03-20,Москва,Moscow,33.0,0.0,0.0,131.0,0.0,5.0
2020-03-20,Якутия,Yakutia,6.0,0.0,0.0,7.0,0.0,0.0
2020-03-20,Санкт-Петербург,St. Petersburg,4.0,0.0,0.0,14.0,0.0,2.0
2020-03-20,Самарская область,Samara Region,4.0,0.0,0.0,9.0,0.0,0.0
2020-03-20,Кировская область,Kirov region,2.0,0.0,0.0,5.0,0.0,0.0
2020-03-20,Новосибирская область,Novosibirsk region,2.0,0.0,0.0,4.0,0.0,0.0
2020-03-20,Московская область,Moscow region,1.0,0.0,0.0,18.0,0.0,1.0
2020-03-20,Ульяновская область,Ulyanovsk region,1.0,0.0,0.0,1.0,0.0,0.0
2020-03-20,Тюменская область,Tyumen region,1.0,0.0,0.0,3.0,0.0,1.0
2020-03-20,Калининградская область,Kaliningrad region,0.0,0.0,1.0,5.0,0.0,1.0
2020-03-21,Московская область,Moscow region,17.0,0.0,0.0,35.0,0.0,1.0
2020-03-21,Москва,Moscow,6.0,0.0,3.0,137.0,0.0,8.0
2020-03-21,Республика Татарстан,Republic of Tatarstan,5.0,0.0,0.0,6.0,0.0,0.0
2020-03-21,Нижегородская область,Nizhny Novgorod Region,4.0,0.0,0.0,7.0,0.0,1.0
2020-03-21,Свердловская область,Sverdlovsk region,3.0,0.0,0.0,9.0,0.0,0.0
2020-03-21,Тульская область,Tula region,2.0,0.0,0.0,5.0,0.0,0.0
2020-03-21,Калининградская область,Kaliningrad region,2.0,0.0,0.0,7.0,0.0,1.0
2020-03-21,Санкт-Петербург,St. Petersburg,2.0,0.0,0.0,16.0,0.0,2.0
2020-03-21,Кабардино-Балкарская Республика,Kabardino-Balkar Republic,2.0,0.0,0.0,2.0,0.0,0.0
2020-03-21,Краснодарский край,Krasnodar region,2.0,0.0,0.0,5.0,0.0,0.0
2020-03-21,Рязанская область,Ryazan Oblast,1.0,0.0,0.0,2.0,0.0,0.0
2020-03-21,Ставропольский край,Stavropol region,1.0,0.0,0.0,1.0,0.0,0.0
2020-03-21,Курганская область,Kurgan region,1.0,0.0,0.0,1.0,0.0,0.0
2020-03-21,Челябинская область,Chelyabinsk region,1.0,0.0,0.0,1.0,0.0,0.0
2020-03-21,Ханты-Мансийский АО,Khanty-Mansiysk,1.0,0.0,0.0,2.0,0.0,0.0
2020-03-21,Красноярский край,Krasnoyarsk region,1.0,0.0,0.0,5.0,0.0,0.0
2020-03-21,Хабаровский край,Khabarovsk region,1.0,0.0,0.0,4.0,0.0,0.0
2020-03-21,Республика Крым,Republic of Crimea,1.0,0.0,0.0,1.0,0.0,0.0
2020-03-22,Москва,Moscow,54.0,0.0,0.0,191.0,0.0,8.0
2020-03-22,Новгородская область,Novgorod region,1.0,0.0,0.0,1.0,0.0,0.0
2020-03-22,Кировская область,Kirov region,2.0,0.0,0.0,7.0,0.0,0.0
2020-03-22,Архангельская область,Arhangelsk region,1.0,0.0,0.0,2.0,0.0,0.0
2020-03-22,Брянская область,Bryansk region,1.0,0.0,0.0,1.0,0.0,0.0
2020-03-22,Удмуртская Республика,Udmurt republic,2.0,0.0,0.0,2.0,0.0,0.0
2020-03-23,Москва,Moscow,71.0,0.0,1.0,262.0,0.0,9.0
2020-03-23,Московская область,Moscow region,0.0,0.0,1.0,35.0,0.0,2.0
2020-03-24,Москва,Moscow,28.0,0.0,0.0,290.0,0.0,9.0
2020-03-24,Санкт-Петербург,St. Petersburg,5.0,0.0,0.0,21.0,0.0,2.0
2020-03-24,Воронежская область,Voronezh region,4.0,0.0,0.0,6.0,0.0,0.0
2020-03-24,Свердловская область,Sverdlovsk region,4.0,0.0,0.0,13.0,0.0,0.0
2020-03-24,Республика Башкортостан,Republic of Bashkortostan,3.0,0.0,0.0,3.0,0.0,0.0
2020-03-24,Липецкая область,Lipetsk region,2.0,0.0,0.0,5.0,0.0,3.0
2020-03-24,Орловская область,Oryol Region,2.0,0.0,0.0,2.0,0.0,0.0
2020-03-24,Ленинградская область,Leningrad region,2.0,0.0,0.0,3.0,0.0,0.0
2020-03-24,Приморский край,Primorsky Krai,2.0,0.0,0.0,2.0,0.0,0.0
2020-03-24,Калужская область,Kaluga region,1.0,0.0,0.0,2.0,0.0,0.0
2020-03-24,Чеченская Республика,Chechen Republic,1.0,0.0,0.0,1.0,0.0,0.0
2020-03-24,Волгоградская область,Volgograd region,1.0,0.0,0.0,1.0,0.0,0.0
2020-03-24,Республика Татарстан,Republic of Tatarstan,1.0,0.0,0.0,7.0,0.0,0.0
2020-03-24,Самарская область,Samara Region,1.0,0.0,0.0,10.0,0.0,0.0
2020-03-24,Московская область,Moscow region,0.0,0.0,1.0,35.0,0.0,3.0
2020-03-24,Кемеровская область,Kemerovo region,0.0,0.0,1.0,2.0,0.0,1.0
2020-03-24,Красноярский край,Krasnoyarsk region,0.0,0.0,3.0,5.0,0.0,3.0
2020-03-25,Москва,Moscow,120.0,0.0,5.0,410.0,0.0,14.0
2020-03-25,Московская область,Moscow region,6.0,0.0,0.0,41.0,0.0,3.0
2020-03-25,Республика Крым,Republic of Crimea,6.0,0.0,0.0,7.0,0.0,0.0
2020-03-25,Псковская область,Pskov region,4.0,0.0,0.0,4.0,0.0,0.0
2020-03-25,Краснодарский край,Krasnodar region,4.0,0.0,0.0,9.0,0.0,0.0
2020-03-25,Оренбургская область,Orenburg region,3.0,0.0,0.0,4.0,0.0,0.0
2020-03-25,Якутия,Yakutia,3.0,0.0,0.0,10.0,0.0,0.0
2020-03-25,Тульская область,Tula region,2.0,0.0,0.0,7.0,0.0,0.0
2020-03-25,Республика коми,Komi Republic,2.0,0.0,0.0,3.0,0.0,0.0
2020-03-25,Кабардино-Балкарская Республика,Kabardino-Balkar Republic,2.0,0.0,0.0,4.0,0.0,0.0
2020-03-25,Пермский край,Perm,2.0,0.0,0.0,5.0,0.0,0.0
2020-03-25,Брянская область,Bryansk region,1.0,0.0,0.0,2.0,0.0,0.0
2020-03-25,Архангельская область,Arhangelsk region,1.0,0.0,0.0,3.0,0.0,0.0
2020-03-25,Калининградская область,Kaliningrad region,1.0,0.0,1.0,8.0,0.0,2.0
2020-03-25,Ставропольский край,Stavropol region,1.0,0.0,0.0,2.0,0.0,0.0
2020-03-25,Ростовская область,Rostov region,1.0,0.0,0.0,1.0,0.0,0.0
2020-03-25,Республика Башкортостан,Republic of Bashkortostan,1.0,0.0,0.0,4.0,0.0,0.0
2020-03-25,Нижегородская область,Nizhny Novgorod Region,1.0,0.0,0.0,8.0,0.0,1.0
2020-03-25,Пензенская область,Penza region,1.0,0.0,0.0,2.0,0.0,0.0
2020-03-25,Челябинская область,Chelyabinsk region,1.0,0.0,0.0,2.0,0.0,0.0
2020-03-26,Москва,Moscow,136.0,2.0,1.0,546.0,2.0,15.0
2020-03-26,Свердловская область,Sverdlovsk region,7.0,0.0,0.0,20.0,0.0,0.0
2020-03-26,Санкт-Петербург,St. Petersburg,5.0,0.0,0.0,26.0,0.0,2.0
2020-03-26,Пермский край,Perm,5.0,0.0,0.0,10.0,0.0,0.0
2020-03-26,Якутия,Yakutia,4.0,0.0,0.0,14.0,0.0,0.0
2020-03-26,Ставропольский край,Stavropol region,3.0,0.0,0.0,5.0,0.0,0.0
2020-03-26,Республика Татарстан,Republic of Tatarstan,3.0,0.0,0.0,10.0,0.0,0.0
2020-03-26,Челябинская область,Chelyabinsk region,3.0,0.0,0.0,5.0,0.0,0.0
2020-03-26,Красноярский край,Krasnoyarsk region,3.0,0.0,0.0,8.0,0.0,3.0
2020-03-26,Псковская область,Pskov region,2.0,0.0,0.0,6.0,0.0,0.0
2020-03-26,Самарская область,Samara Region,2.0,0.0,0.0,12.0,0.0,0.0
2020-03-26,Ханты-Мансийский АО,Khanty-Mansiysk,2.0,0.0,0.0,4.0,0.0,0.0
2020-03-26,Республика Бурятия,The Republic of Buryatia,2.0,0.0,0.0,2.0,0.0,0.0
2020-03-26,Республика Хакасия,The Republic of Khakassia,1.0,0.0,0.0,2.0,0.0,0.0
2020-03-26,Кемеровская область,Kemerovo region,1.0,0.0,0.0,3.0,0.0,1.0
2020-03-26,Новосибирская область,Novosibirsk region,1.0,0.0,0.0,5.0,0.0,0.0
2020-03-26,Томская область,Tomsk region,1.0,0.0,0.0,2.0,0.0,0.0
2020-03-26,Хабаровский край,Khabarovsk region,1.0,0.0,0.0,5.0,0.0,0.0
2020-03-26,Московская область,Moscow region,0.0,0.0,5.0,41.0,0.0,8.0
2020-03-27,Волгоградская область,Volgograd region,3.0,0.0,0.0,4.0,0.0,0.0
2020-03-27,Ивановская область,Ivanovo region,1.0,0.0,0.0,2.0,0.0,0.0
2020-03-27,Кировская область,Kirov region,1.0,0.0,0.0,8.0,0.0,0.0
2020-03-27,Москва,Moscow,157.0,1.0,3.0,703.0,3.0,18.0
2020-03-27,Московская область,Moscow region,8.0,0.0,1.0,49.0,0.0,9.0
2020-03-27,Орловская область,Oryol Region,1.0,0.0,0.0,3.0,0.0,0.0
2020-03-27,Республика Дагестан,The Republic of Dagestan,1.0,0.0,0.0,1.0,0.0,0.0
2020-03-27,Республика Крым,Republic of Crimea,7.0,0.0,0.0,14.0,0.0,0.0
2020-03-27,Республика Мордовия,The Republic of Mordovia,2.0,0.0,0.0,2.0,0.0,0.0
2020-03-27,Республика Татарстан,Republic of Tatarstan,1.0,0.0,1.0,11.0,0.0,1.0
2020-03-27,Ростовская область,Rostov region,1.0,0.0,0.0,2.0,0.0,0.0
2020-03-27,Самарская область,Samara Region,2.0,0.0,0.0,14.0,0.0,0.0
2020-03-27,Санкт-Петербург,St. Petersburg,0.0,0.0,3.0,26.0,0.0,5.0
2020-03-27,Севастополь,Sevastopol,5.0,0.0,0.0,5.0,0.0,0.0
2020-03-27,Тульская область,Tula region,1.0,0.0,0.0,8.0,0.0,0.0
2020-03-27,Удмуртская Республика,Udmurt republic,2.0,0.0,0.0,4.0,0.0,0.0
2020-03-27,Чеченская Республика,Chechen Republic,2.0,0.0,0.0,3.0,0.0,0.0
2020-03-27,Ярославская область,Yaroslavskaya oblast,1.0,0.0,0.0,2.0,0.0,0.0
2020-03-28,Брянская область,Bryansk region,1.0,0.0,0.0,3.0,0.0,0.0
2020-03-28,Ивановская область,Ivanovo region,5.0,0.0,0.0,7.0,0.0,0.0
2020-03-28,Калининградская область,Kaliningrad region,3.0,0.0,0.0,11.0,0.0,2.0
2020-03-28,Кемеровская область,Kemerovo region,0.0,0.0,1.0,3.0,0.0,2.0
2020-03-28,Кировская область,Kirov region,0.0,0.0,2.0,8.0,0.0,2.0
2020-03-28,Костромская область,Kostroma region,1.0,0.0,0.0,1.0,0.0,0.0
2020-03-28,Краснодарский край,Krasnodar region,8.0,0.0,0.0,17.0,0.0,0.0
2020-03-28,Красноярский край,Krasnoyarsk region,4.0,0.0,0.0,12.0,0.0,3.0
2020-03-28,Ленинградская область,Leningrad region,4.0,0.0,0.0,7.0,0.0,0.0
2020-03-28,Липецкая область,Lipetsk region,3.0,0.0,0.0,8.0,0.0,3.0
2020-03-28,Москва,Moscow,114.0,0.0,0.0,817.0,3.0,18.0
2020-03-28,Московская область,Moscow region,36.0,0.0,0.0,85.0,0.0,9.0
2020-03-28,Нижегородская область,Nizhny Novgorod Region,3.0,0.0,0.0,11.0,0.0,1.0
2020-03-28,Новосибирская область,Novosibirsk region,2.0,0.0,0.0,7.0,0.0,0.0
2020-03-28,Оренбургская область,Orenburg region,2.0,0.0,0.0,6.0,0.0,0.0
2020-03-28,Пермский край,Perm,1.0,0.0,0.0,11.0,0.0,0.0
2020-03-28,Республика Адыгея,Republic of Adygea,1.0,0.0,0.0,1.0,0.0,0.0
2020-03-28,Республика Бурятия,The Republic of Buryatia,6.0,0.0,0.0,8.0,0.0,0.0
2020-03-28,Республика Крым,Republic of Crimea,1.0,0.0,0.0,15.0,0.0,0.0
2020-03-28,Республика Татарстан,Republic of Tatarstan,3.0,0.0,0.0,14.0,0.0,1.0
2020-03-28,Самарская область,Samara Region,0.0,0.0,1.0,14.0,0.0,1.0
2020-03-28,Санкт-Петербург,St. Petersburg,11.0,0.0,0.0,37.0,0.0,5.0
2020-03-28,Саратовская область,Saratov region,1.0,0.0,0.0,2.0,0.0,0.0
2020-03-28,Сахалинская область,Sakhalin region,4.0,0.0,0.0,4.0,0.0,0.0
2020-03-28,Свердловская область,Sverdlovsk region,4.0,0.0,0.0,24.0,0.0,0.0
2020-03-28,Смоленская область,Smolensk region,1.0,0.0,0.0,1.0,0.0,0.0
2020-03-28,Тверская область,Tver region,0.0,0.0,2.0,3.0,0.0,2.0
2020-03-28,Тульская область,Tula region,3.0,0.0,0.0,11.0,0.0,0.0
2020-03-28,Челябинская область,Chelyabinsk region,4.0,0.0,0.0,9.0,0.0,0.0
2020-03-28,Чеченская Республика,Chechen Republic,2.0,0.0,0.0,5.0,0.0,0.0
2020-03-29,Алтайский край,Altai region,1.0,0.0,0.0,1.0,0.0,0.0
2020-03-29,Амурская область,Amur region,1.0,0.0,0.0,1.0,0.0,0.0
2020-03-29,Белгород,Belgorod,1.0,0.0,0.0,2.0,0.0,0.0
2020-03-29,Вологодская область,Vologda Region,2.0,0.0,0.0,2.0,0.0,0.0
2020-03-29,Иркутская область,Irkutsk region,1.0,0.0,0.0,1.0,0.0,0.0
2020-03-29,Калининградская область,Kaliningrad region,0.0,0.0,0.0,11.0,0.0,2.0
2020-03-29,Кировская область,Kirov region,1.0,0.0,0.0,9.0,0.0,2.0
2020-03-29,Краснодарский край,Krasnodar region,0.0,0.0,1.0,17.0,0.0,1.0
2020-03-29,Ленинградская область,Leningrad region,2.0,0.0,0.0,9.0,0.0,0.0
2020-03-29,Липецкая область,Lipetsk region,1.0,0.0,0.0,9.0,0.0,3.0
2020-03-29,Москва,Moscow,197.0,5.0,10.0,1014.0,8.0,28.0
2020-03-29,Московская область,Moscow region,27.0,0.0,1.0,112.0,0.0,10.0
2020-03-29,Мурманская область,Murmansk region,2.0,0.0,0.0,3.0,0.0,0.0
2020-03-29,Нижегородская область,Nizhny Novgorod Region,0.0,0.0,0.0,11.0,0.0,1.0
2020-03-29,Новгородская область,Novgorod region,2.0,0.0,0.0,3.0,0.0,0.0
2020-03-29,Новосибирская область,Novosibirsk region,1.0,0.0,0.0,8.0,0.0,0.0
2020-03-29,Омская область,Omsk region,3.0,0.0,0.0,3.0,0.0,0.0
2020-03-29,Оренбургская область,Orenburg region,0.0,1.0,0.0,6.0,1.0,0.0
2020-03-29,Пензенская область,Penza region,5.0,0.0,0.0,7.0,0.0,0.0
2020-03-29,Псковская область,Pskov region,0.0,1.0,0.0,6.0,1.0,0.0
2020-03-29,Республика Башкортостан,Republic of Bashkortostan,1.0,0.0,0.0,5.0,0.0,0.0
2020-03-29,Республика Бурятия,The Republic of Buryatia,5.0,0.0,0.0,13.0,0.0,0.0
2020-03-29,Республика Марий Эл,Mari El Republic,2.0,0.0,0.0,2.0,0.0,0.0
2020-03-29,Республика Мордовия,The Republic of Mordovia,1.0,0.0,0.0,3.0,0.0,0.0
2020-03-29,Республика Хакасия,The Republic of Khakassia,1.0,0.0,0.0,3.0,0.0,0.0
2020-03-29,Республика коми,Komi Republic,4.0,0.0,1.0,7.0,0.0,1.0
2020-03-29,Рязанская область,Ryazan Oblast,1.0,0.0,0.0,3.0,0.0,0.0
2020-03-29,Санкт-Петербург,St. Petersburg,5.0,1.0,0.0,42.0,1.0,5.0
2020-03-29,Саратовская область,Saratov region,2.0,0.0,0.0,4.0,0.0,0.0
2020-03-29,Свердловская область,Sverdlovsk region,0.0,0.0,1.0,24.0,0.0,1.0
2020-03-29,Тамбовская область,Tambov Region,0.0,0.0,3.0,3.0,0.0,3.0
2020-03-29,Томская область,Tomsk region,1.0,0.0,1.0,3.0,0.0,1.0
2020-03-29,Тюменская область,Tyumen region,1.0,0.0,0.0,4.0,0.0,1.0
2020-03-29,Хабаровский край,Khabarovsk region,2.0,0.0,0.0,7.0,0.0,0.0
2020-03-29,Ханты-Мансийский АО,Khanty-Mansiysk,1.0,0.0,0.0,5.0,0.0,0.0
2020-03-29,Челябинская область,Chelyabinsk region,5.0,0.0,0.0,14.0,0.0,0.0
2020-03-29,Чеченская Республика,Chechen Republic,4.0,0.0,0.0,9.0,0.0,0.0
2020-03-29,Якутия,Yakutia,1.0,0.0,0.0,15.0,0.0,0.0
2020-03-29,Ярославская область,Yaroslavskaya oblast,1.0,0.0,0.0,3.0,0.0,0.0
2020-03-30,Архангельская область,Arhangelsk region,4.0,0.0,0.0,7.0,0.0,0.0
2020-03-30,Астраханская область,Astrakhan region,2.0,0.0,0.0,2.0,0.0,0.0
2020-03-30,Белгород,Belgorod,3.0,0.0,0.0,5.0,0.0,0.0
2020-03-30,Владимирская область,Vladimir region,2.0,0.0,0.0,2.0,0.0,0.0
2020-03-30,Ивановская область,Ivanovo region,2.0,0.0,0.0,9.0,0.0,0.0
2020-03-30,Иркутская область,Irkutsk region,1.0,0.0,0.0,2.0,0.0,0.0
2020-03-30,Кабардино-Балкарская Республика,Kabardino-Balkar Republic,2.0,0.0,0.0,6.0,0.0,0.0
2020-03-30,Калининградская область,Kaliningrad region,1.0,0.0,0.0,12.0,0.0,2.0
2020-03-30,Калужская область,Kaluga region,1.0,0.0,0.0,3.0,0.0,0.0
2020-03-30,Кировская область,Kirov region,3.0,0.0,0.0,12.0,0.0,2.0
2020-03-30,Красноярский край,Krasnoyarsk region,2.0,0.0,0.0,14.0,0.0,3.0
2020-03-30,Ленинградская область,Leningrad region,2.0,0.0,0.0,11.0,0.0,0.0
2020-03-30,Липецкая область,Lipetsk region,1.0,0.0,0.0,10.0,0.0,3.0
2020-03-30,Москва,Moscow,212.0,0.0,0.0,1226.0,8.0,28.0
2020-03-30,Московская область,Moscow region,7.0,0.0,4.0,119.0,0.0,14.0
2020-03-30,Мурманская область,Murmansk region,2.0,0.0,1.0,5.0,0.0,1.0
2020-03-30,Нижегородская область,Nizhny Novgorod Region,0.0,0.0,0.0,11.0,0.0,1.0
2020-03-30,Новосибирская область,Novosibirsk region,1.0,0.0,0.0,9.0,0.0,0.0
2020-03-30,Оренбургская область,Orenburg region,1.0,0.0,0.0,7.0,1.0,0.0
2020-03-30,Пермский край,Perm,2.0,0.0,0.0,13.0,0.0,0.0
2020-03-30,Псковская область,Pskov region,3.0,0.0,0.0,9.0,1.0,0.0
2020-03-30,Республика Адыгея,Republic of Adygea,3.0,0.0,0.0,4.0,0.0,0.0
2020-03-30,Республика Дагестан,The Republic of Dagestan,3.0,0.0,0.0,4.0,0.0,0.0
2020-03-30,Республика Калмыкия,Republic of Kalmykia,1.0,0.0,0.0,1.0,0.0,0.0
2020-03-30,Республика коми,Komi Republic,15.0,0.0,0.0,22.0,0.0,1.0
2020-03-30,Рязанская область,Ryazan Oblast,2.0,0.0,0.0,3.0,0.0,0.0
2020-03-30,Санкт-Петербург,St. Petersburg,8.0,1.0,0.0,50.0,2.0,5.0
2020-03-30,Ставропольский край,Stavropol region,1.0,0.0,0.0,6.0,0.0,0.0
2020-03-30,Тамбовская область,Tambov Region,0.0,0.0,0.0,3.0,0.0,2.0
2020-03-30,Тверская область,Tver region,1.0,0.0,0.0,4.0,0.0,2.0
2020-03-30,Тульская область,Tula region,1.0,0.0,0.0,12.0,0.0,0.0
2020-03-30,Челябинская область,Chelyabinsk region,1.0,0.0,0.0,14.0,0.0,0.0
2020-03-30,Ярославская область,Yaroslavskaya oblast,0.0,0.0,1.0,3.0,0.0,1.0
2020-03-31,Алтайский край,Altai region,1.0,0.0,0.0,2.0,0.0,0.0
2020-03-31,Белгород,Belgorod,0.0,0.0,1.0,5.0,0.0,1.0
2020-03-31,Владимирская область,Vladimir region,0.0,1.0,0.0,2.0,1.0,0.0
2020-03-31,Воронежская область,Voronezh region,2.0,0.0,2.0,8.0,0.0,2.0
2020-03-31,Иркутская область,Irkutsk region,1.0,0.0,0.0,3.0,0.0,0.0
2020-03-31,Кировская область,Kirov region,0.0,0.0,1.0,12.0,0.0,3.0
2020-03-31,Костромская область,Kostroma region,1.0,0.0,0.0,2.0,0.0,0.0
2020-03-31,Краснодарский край,Krasnodar region,0.0,0.0,1.0,17.0,0.0,2.0
2020-03-31,Красноярский край,Krasnoyarsk region,0.0,0.0,1.0,14.0,0.0,4.0
2020-03-31,Курганская область,Kurgan region,0.0,0.0,1.0,1.0,0.0,1.0
2020-03-31,Ленинградская область,Leningrad region,3.0,0.0,1.0,14.0,0.0,1.0
2020-03-31,Магаданская область,Magadan Region,1.0,0.0,0.0,1.0,0.0,0.0
2020-03-31,Москва,Moscow,387.0,3.0,42.0,1613.0,11.0,70.0
2020-03-31,Московская область,Moscow region,0.0,1.0,0.0,119.0,1.0,14.0
2020-03-31,Мурманская область,Murmansk region,6.0,0.0,0.0,11.0,0.0,1.0
2020-03-31,Нижегородская область,Nizhny Novgorod Region,1.0,0.0,0.0,12.0,0.0,1.0
2020-03-31,Пензенская область,Penza region,5.0,1.0,0.0,12.0,1.0,0.0
2020-03-31,Приморский край,Primorsky Krai,2.0,0.0,1.0,4.0,0.0,1.0
2020-03-31,Псковская область,Pskov region,0.0,1.0,0.0,9.0,2.0,0.0
2020-03-31,Республика Башкортостан,Republic of Bashkortostan,2.0,0.0,0.0,7.0,0.0,0.0
2020-03-31,Республика Бурятия,The Republic of Buryatia,6.0,0.0,0.0,19.0,0.0,0.0
2020-03-31,Республика Дагестан,The Republic of Dagestan,9.0,0.0,0.0,13.0,0.0,0.0
2020-03-31,Республика Калмыкия,Republic of Kalmykia,1.0,0.0,0.0,2.0,0.0,0.0
2020-03-31,Республика Крым,Republic of Crimea,1.0,0.0,0.0,16.0,0.0,0.0
2020-03-31,Республика Татарстан,Republic of Tatarstan,5.0,0.0,0.0,19.0,0.0,1.0
2020-03-31,Ростовская область,Rostov region,3.0,0.0,0.0,5.0,0.0,0.0
2020-03-31,Рязанская область,Ryazan Oblast,0.0,0.0,0.0,3.0,0.0,0.0
2020-03-31,Самарская область,Samara Region,1.0,0.0,0.0,15.0,0.0,1.0
2020-03-31,Санкт-Петербург,St. Petersburg,48.0,0.0,2.0,98.0,2.0,7.0
2020-03-31,Свердловская область,Sverdlovsk region,9.0,0.0,0.0,33.0,0.0,1.0
2020-03-31,Тамбовская область,Tambov Region,0.0,0.0,0.0,3.0,0.0,1.0
2020-03-31,Тульская область,Tula region,0.0,0.0,3.0,12.0,0.0,3.0
2020-03-31,Тюменская область,Tyumen region,2.0,0.0,1.0,6.0,0.0,2.0
2020-03-31,Хабаровский край,Khabarovsk region,1.0,0.0,0.0,8.0,0.0,0.0
2020-03-31,Челябинская область,Chelyabinsk region,0.0,0.0,0.0,14.0,0.0,0.0
2020-04-01,Алтайский край,Altai region,1.0,0.0,0.0,3.0,0.0,0.0
2020-04-01,Брянская область,Bryansk region,2.0,0.0,0.0,5.0,0.0,0.0
2020-04-01,Владимирская область,Vladimir region,1.0,0.0,0.0,3.0,1.0,0.0
2020-04-01,Волгоградская область,Volgograd region,4.0,0.0,0.0,8.0,0.0,0.0
2020-04-01,Вологодская область,Vologda Region,7.0,0.0,0.0,9.0,0.0,0.0
2020-04-01,Воронежская область,Voronezh region,4.0,0.0,0.0,12.0,0.0,2.0
2020-04-01,Ивановская область,Ivanovo region,2.0,0.0,0.0,11.0,0.0,0.0
2020-04-01,Кабардино-Балкарская Республика,Kabardino-Balkar Republic,2.0,0.0,0.0,8.0,0.0,0.0
2020-04-01,Калининградская область,Kaliningrad region,0.0,0.0,3.0,12.0,0.0,5.0
2020-04-01,Костромская область,Kostroma region,1.0,0.0,0.0,3.0,0.0,0.0
2020-04-01,Краснодарский край,Krasnodar region,5.0,0.0,1.0,22.0,0.0,3.0
2020-04-01,Красноярский край,Krasnoyarsk region,6.0,0.0,0.0,20.0,0.0,4.0
2020-04-01,Курская область,Kursk region,3.0,0.0,0.0,3.0,0.0,0.0
2020-04-01,Ленинградская область,Leningrad region,6.0,0.0,0.0,20.0,0.0,1.0
2020-04-01,Липецкая область,Lipetsk region,1.0,0.0,0.0,11.0,0.0,3.0
2020-04-01,Москва,Moscow,267.0,5.0,45.0,1880.0,16.0,115.0
2020-04-01,Московская область,Moscow region,15.0,1.0,3.0,134.0,2.0,17.0
2020-04-01,Новосибирская область,Novosibirsk region,1.0,0.0,2.0,10.0,0.0,2.0
2020-04-01,Омская область,Omsk region,4.0,0.0,0.0,7.0,0.0,0.0
2020-04-01,Пензенская область,Penza region,4.0,0.0,0.0,16.0,1.0,0.0
2020-04-01,Пермский край,Perm,0.0,1.0,0.0,13.0,1.0,0.0
2020-04-01,Приморский край,Primorsky Krai,1.0,0.0,0.0,5.0,0.0,1.0
2020-04-01,Республика Башкортостан,Republic of Bashkortostan,1.0,0.0,1.0,8.0,0.0,1.0
2020-04-01,Республика Бурятия,The Republic of Buryatia,6.0,0.0,0.0,25.0,0.0,0.0
2020-04-01,Республика Дагестан,The Republic of Dagestan,2.0,0.0,0.0,15.0,0.0,0.0
2020-04-01,Республика Мордовия,The Republic of Mordovia,1.0,0.0,0.0,4.0,0.0,0.0
2020-04-01,Республика Северная Осетия - Алания,Republic of North Ossetia - Alania,2.0,0.0,0.0,2.0,0.0,0.0
2020-04-01,Республика Татарстан,Republic of Tatarstan,0.0,0.0,1.0,19.0,0.0,2.0
2020-04-01,Республика коми,Komi Republic,32.0,0.0,0.0,54.0,0.0,1.0
2020-04-01,Рязанская область,Ryazan Oblast,2.0,0.0,1.0,5.0,0.0,1.0
2020-04-01,Самарская область,Samara Region,0.0,0.0,1.0,15.0,0.0,2.0
2020-04-01,Санкт-Петербург,St. Petersburg,27.0,0.0,0.0,125.0,2.0,7.0
2020-04-01,Саратовская область,Saratov region,11.0,0.0,1.0,15.0,0.0,1.0
2020-04-01,Сахалинская область,Sakhalin region,1.0,0.0,0.0,5.0,0.0,0.0
2020-04-01,Свердловская область,Sverdlovsk region,0.0,0.0,7.0,33.0,0.0,8.0
2020-04-01,Ставропольский край,Stavropol region,4.0,0.0,1.0,10.0,0.0,1.0
2020-04-01,Тамбовская область,Tambov Region,3.0,0.0,0.0,6.0,0.0,1.0
2020-04-01,Тверская область,Tver region,1.0,0.0,0.0,5.0,0.0,2.0
2020-04-01,Тульская область,Tula region,5.0,0.0,0.0,17.0,0.0,3.0
2020-04-01,Удмуртская Республика,Udmurt republic,0.0,0.0,3.0,4.0,0.0,3.0
2020-04-01,Хабаровский край,Khabarovsk region,1.0,0.0,0.0,9.0,0.0,0.0
2020-04-01,Ханты-Мансийский АО,Khanty-Mansiysk,3.0,0.0,0.0,8.0,0.0,0.0
2020-04-01,Челябинская область,Chelyabinsk region,6.0,0.0,2.0,20.0,0.0,2.0
2020-04-01,Чеченская Республика,Chechen Republic,1.0,1.0,0.0,10.0,1.0,0.0
2020-04-01,Якутия,Yakutia,0.0,0.0,1.0,15.0,0.0,1.0
2020-04-02,Алтайский край,Altai region,1.0,0.0,0.0,4.0,0.0,0.0
2020-04-02,Белгород,Belgorod,1.0,0.0,0.0,6.0,0.0,1.0
2020-04-02,Вологодская область,Vologda Region,3.0,0.0,0.0,12.0,0.0,0.0
2020-04-02,Ивановская область,Ivanovo region,0.0,0.0,1.0,11.0,0.0,1.0
2020-04-02,Иркутская область,Irkutsk region,4.0,0.0,0.0,7.0,0.0,0.0
2020-04-02,Калининградская область,Kaliningrad region,7.0,0.0,0.0,19.0,0.0,5.0
2020-04-02,Калужская область,Kaluga region,2.0,0.0,1.0,5.0,0.0,1.0
2020-04-02,Кировская область,Kirov region,0.0,0.0,2.0,12.0,0.0,5.0
2020-04-02,Краснодарский край,Krasnodar region,0.0,0.0,1.0,22.0,0.0,4.0
2020-04-02,Красноярский край,Krasnoyarsk region,5.0,0.0,0.0,25.0,0.0,4.0
2020-04-02,Ленинградская область,Leningrad region,11.0,0.0,0.0,31.0,0.0,1.0
2020-04-02,Липецкая область,Lipetsk region,4.0,0.0,0.0,15.0,0.0,3.0
2020-04-02,Москва,Moscow,595.0,3.0,25.0,2475.0,19.0,140.0
2020-04-02,Московская область,Moscow region,43.0,0.0,0.0,177.0,2.0,17.0
2020-04-02,Мурманская область,Murmansk region,4.0,0.0,0.0,15.0,0.0,1.0
2020-04-02,Нижегородская область,Nizhny Novgorod Region,13.0,0.0,3.0,25.0,0.0,4.0
2020-04-02,Омская область,Omsk region,1.0,0.0,0.0,8.0,0.0,0.0
2020-04-02,Оренбургская область,Orenburg region,5.0,0.0,0.0,12.0,1.0,0.0
2020-04-02,Пермский край,Perm,7.0,1.0,1.0,20.0,2.0,1.0
2020-04-02,Приморский край,Primorsky Krai,0.0,0.0,1.0,5.0,0.0,2.0
2020-04-02,Республика Адыгея,Republic of Adygea,1.0,0.0,0.0,5.0,0.0,0.0
2020-04-02,Республика Башкортостан,Republic of Bashkortostan,2.0,0.0,0.0,10.0,0.0,1.0
2020-04-02,Республика Бурятия,The Republic of Buryatia,5.0,0.0,0.0,30.0,0.0,0.0
2020-04-02,Республика Дагестан,The Republic of Dagestan,10.0,0.0,0.0,25.0,0.0,0.0
2020-04-02,Республика Крым,Republic of Crimea,0.0,0.0,1.0,16.0,0.0,1.0
2020-04-02,Республика Марий Эл,Mari El Republic,2.0,0.0,0.0,4.0,0.0,0.0
2020-04-02,Республика Северная Осетия - Алания,Republic of North Ossetia - Alania,2.0,0.0,0.0,4.0,0.0,0.0
2020-04-02,Республика коми,Komi Republic,2.0,0.0,0.0,56.0,0.0,1.0
2020-04-02,Ростовская область,Rostov region,4.0,0.0,0.0,9.0,0.0,0.0
2020-04-02,Самарская область,Samara Region,2.0,0.0,0.0,17.0,0.0,2.0
2020-04-02,Санкт-Петербург,St. Petersburg,22.0,0.0,0.0,147.0,2.0,7.0
2020-04-02,Свердловская область,Sverdlovsk region,5.0,0.0,0.0,38.0,0.0,8.0
2020-04-02,Ставропольский край,Stavropol region,1.0,0.0,0.0,11.0,0.0,1.0
2020-04-02,Тамбовская область,Tambov Region,0.0,0.0,0.0,6.0,0.0,1.0
2020-04-02,Челябинская область,Chelyabinsk region,1.0,0.0,0.0,21.0,0.0,2.0
2020-04-02,Якутия,Yakutia,0.0,0.0,3.0,15.0,0.0,4.0
2020-04-02,Ямало-Ненецкий АО,Yamalo-Nenets Autonomous Okrug,2.0,0.0,0.0,2.0,0.0,0.0
2020-04-03,Архангельская область,Arhangelsk region,1.0,0.0,0.0,8.0,0.0,0.0
2020-04-03,Астраханская область,Astrakhan region,3.0,0.0,0.0,5.0,0.0,0.0
2020-04-03,Брянская область,Bryansk region,2.0,0.0,0.0,7.0,0.0,0.0
2020-04-03,Еврейская автономная область,Jewish Autonomous Region,3.0,0.0,0.0,3.0,0.0,0.0
2020-04-03,Ивановская область,Ivanovo region,2.0,0.0,0.0,13.0,0.0,1.0
2020-04-03,Иркутская область,Irkutsk region,1.0,0.0,0.0,8.0,0.0,0.0
2020-04-03,Кировская область,Kirov region,3.0,0.0,0.0,15.0,0.0,3.0
2020-04-03,Краснодарский край,Krasnodar region,17.0,0.0,0.0,39.0,0.0,4.0
2020-04-03,Курская область,Kursk region,1.0,0.0,0.0,4.0,0.0,0.0
2020-04-03,Ленинградская область,Leningrad region,10.0,0.0,0.0,41.0,0.0,1.0
2020-04-03,Липецкая область,Lipetsk region,3.0,0.0,0.0,18.0,0.0,3.0
2020-04-03,Москва,Moscow,448.0,1.0,28.0,2923.0,20.0,168.0
2020-04-03,Московская область,Moscow region,34.0,0.0,0.0,211.0,2.0,17.0
2020-04-03,Омская область,Omsk region,1.0,0.0,0.0,9.0,0.0,0.0
2020-04-03,Пензенская область,Penza region,11.0,0.0,0.0,27.0,1.0,0.0
2020-04-03,Пермский край,Perm,1.0,0.0,2.0,21.0,2.0,3.0
2020-04-03,Приморский край,Primorsky Krai,2.0,1.0,0.0,7.0,1.0,2.0
2020-04-03,Республика Башкортостан,Republic of Bashkortostan,0.0,0.0,4.0,10.0,0.0,5.0
2020-04-03,Республика Бурятия,The Republic of Buryatia,1.0,0.0,0.0,31.0,0.0,0.0
2020-04-03,Республика Ингушетия,The Republic of Ingushetia,1.0,0.0,0.0,1.0,0.0,0.0
2020-04-03,Республика Калмыкия,Republic of Kalmykia,5.0,0.0,0.0,7.0,0.0,0.0
2020-04-03,Республика Крым,Republic of Crimea,2.0,0.0,0.0,18.0,0.0,1.0
2020-04-03,Республика Татарстан,Republic of Tatarstan,6.0,0.0,4.0,25.0,0.0,6.0
2020-04-03,Республика Чувашия,Chuvash Republic,1.0,0.0,0.0,2.0,0.0,0.0
2020-04-03,Республика коми,Komi Republic,0.0,2.0,0.0,56.0,2.0,1.0
2020-04-03,Рязанская область,Ryazan Oblast,1.0,0.0,0.0,6.0,0.0,1.0
2020-04-03,Самарская область,Samara Region,0.0,0.0,5.0,17.0,0.0,7.0
2020-04-03,Санкт-Петербург,St. Petersburg,9.0,0.0,0.0,156.0,2.0,7.0
2020-04-03,Саратовская область,Saratov region,4.0,0.0,0.0,19.0,0.0,1.0
2020-04-03,Свердловская область,Sverdlovsk region,1.0,0.0,5.0,39.0,0.0,13.0
2020-04-03,Ставропольский край,Stavropol region,0.0,0.0,3.0,11.0,0.0,4.0
2020-04-03,Тамбовская область,Tambov Region,0.0,0.0,0.0,6.0,0.0,1.0
2020-04-03,Тверская область,Tver region,1.0,0.0,0.0,6.0,0.0,2.0
2020-04-03,Тюменская область,Tyumen region,5.0,0.0,0.0,11.0,0.0,2.0
2020-04-03,Ульяновская область,Ulyanovsk region,0.0,0.0,1.0,1.0,0.0,1.0
2020-04-03,Хабаровский край,Khabarovsk region,1.0,0.0,0.0,10.0,0.0,0.0
2020-04-03,Ханты-Мансийский АО,Khanty-Mansiysk,8.0,0.0,2.0,16.0,0.0,2.0
2020-04-03,Челябинская область,Chelyabinsk region,2.0,0.0,0.0,23.0,0.0,2.0
2020-04-03,Чеченская Республика,Chechen Republic,2.0,0.0,0.0,12.0,1.0,0.0
2020-04-03,Ямало-Ненецкий АО,Yamalo-Nenets Autonomous Okrug,10.0,0.0,0.0,12.0,0.0,0.0
2020-04-04,Алтайский край,Altai region,3.0,0.0,0.0,7.0,0.0,0.0
2020-04-04,Амурская область,Amur region,3.0,0.0,0.0,4.0,0.0,0.0
2020-04-04,Архангельская область,Arhangelsk region,0.0,0.0,3.0,8.0,0.0,3.0
2020-04-04,Белгород,Belgorod,1.0,0.0,0.0,7.0,0.0,1.0
2020-04-04,Брянская область,Bryansk region,12.0,0.0,0.0,19.0,0.0,0.0
2020-04-04,Волгоградская область,Volgograd region,0.0,0.0,1.0,8.0,0.0,1.0
2020-04-04,Вологодская область,Vologda Region,1.0,0.0,0.0,13.0,0.0,0.0
2020-04-04,Воронежская область,Voronezh region,2.0,0.0,0.0,14.0,0.0,2.0
2020-04-04,Ивановская область,Ivanovo region,10.0,0.0,0.0,23.0,0.0,1.0
2020-04-04,Калужская область,Kaluga region,1.0,0.0,0.0,6.0,0.0,1.0
2020-04-04,Кировская область,Kirov region,3.0,0.0,0.0,18.0,0.0,1.0
2020-04-04,Костромская область,Kostroma region,5.0,1.0,0.0,8.0,1.0,0.0
2020-04-04,Курганская область,Kurgan region,1.0,0.0,0.0,2.0,0.0,1.0
2020-04-04,Ленинградская область,Leningrad region,6.0,0.0,0.0,47.0,0.0,1.0
2020-04-04,Москва,Moscow,434.0,7.0,26.0,3357.0,27.0,194.0
2020-04-04,Московская область,Moscow region,49.0,0.0,13.0,260.0,2.0,30.0
2020-04-04,Новгородская область,Novgorod region,0.0,0.0,1.0,3.0,0.0,1.0
2020-04-04,Омская область,Omsk region,1.0,0.0,0.0,10.0,0.0,0.0
2020-04-04,Оренбургская область,Orenburg region,0.0,0.0,1.0,12.0,1.0,1.0
2020-04-04,Орловская область,Oryol Region,3.0,0.0,0.0,6.0,0.0,0.0
2020-04-04,Псковская область,Pskov region,0.0,0.0,2.0,9.0,2.0,2.0
2020-04-04,Республика Адыгея,Republic of Adygea,2.0,0.0,0.0,7.0,0.0,0.0
2020-04-04,Республика Бурятия,The Republic of Buryatia,4.0,0.0,0.0,35.0,0.0,0.0
2020-04-04,Республика Крым,Republic of Crimea,0.0,0.0,2.0,18.0,0.0,3.0
2020-04-04,Республика Мордовия,The Republic of Mordovia,1.0,0.0,0.0,5.0,0.0,0.0
2020-04-04,Республика Северная Осетия - Алания,Republic of North Ossetia - Alania,1.0,0.0,0.0,5.0,0.0,0.0
2020-04-04,Республика Хакасия,The Republic of Khakassia,0.0,0.0,1.0,3.0,0.0,1.0
2020-04-04,Республика коми,Komi Republic,3.0,0.0,0.0,59.0,2.0,1.0
2020-04-04,Рязанская область,Ryazan Oblast,6.0,0.0,1.0,12.0,0.0,2.0
2020-04-04,Санкт-Петербург,St. Petersburg,15.0,0.0,0.0,171.0,2.0,7.0
2020-04-04,Сахалинская область,Sakhalin region,1.0,0.0,0.0,6.0,0.0,0.0
2020-04-04,Свердловская область,Sverdlovsk region,1.0,0.0,0.0,40.0,0.0,13.0
2020-04-04,Смоленская область,Smolensk region,1.0,0.0,0.0,2.0,0.0,0.0
2020-04-04,Тамбовская область,Tambov Region,1.0,0.0,0.0,7.0,0.0,1.0
2020-04-04,Тверская область,Tver region,0.0,0.0,1.0,6.0,0.0,2.0
2020-04-04,Тульская область,Tula region,2.0,0.0,0.0,19.0,0.0,3.0
2020-04-04,Удмуртская Республика,Udmurt republic,1.0,0.0,0.0,5.0,0.0,3.0
2020-04-04,Челябинская область,Chelyabinsk region,3.0,0.0,0.0,26.0,0.0,2.0
2020-04-04,Чеченская Республика,Chechen Republic,3.0,0.0,0.0,15.0,1.0,0.0
2020-04-04,Ярославская область,Yaroslavskaya oblast,2.0,0.0,0.0,5.0,0.0,1.0
2020-04-05,Воронежская область,Voronezh region,0.0,0.0,2.0,14.0,0.0,4.0
2020-04-05,Забайкальский край,Transbaikal region,1.0,0.0,0.0,1.0,0.0,1.0
2020-04-05,Камчатский край,Kamchatka Krai,2.0,0.0,0.0,2.0,0.0,0.0
2020-04-05,Кировская область,Kirov region,0.0,0.0,0.0,18.0,0.0,1.0
2020-04-05,Красноярский край,Krasnoyarsk region,4.0,0.0,0.0,29.0,0.0,4.0
2020-04-05,Ленинградская область,Leningrad region,10.0,0.0,0.0,57.0,0.0,1.0
2020-04-05,Липецкая область,Lipetsk region,0.0,0.0,2.0,18.0,0.0,5.0
2020-04-05,Москва,Moscow,536.0,2.0,4.0,3893.0,29.0,198.0
2020-04-05,Московская область,Moscow region,45.0,0.0,3.0,305.0,2.0,33.0
2020-04-05,Нижегородская область,Nizhny Novgorod Region,22.0,0.0,0.0,47.0,0.0,4.0
2020-04-05,Новосибирская область,Novosibirsk region,1.0,0.0,0.0,11.0,0.0,2.0
2020-04-05,Оренбургская область,Orenburg region,1.0,0.0,0.0,13.0,1.0,1.0
2020-04-05,Пензенская область,Penza region,0.0,0.0,1.0,27.0,1.0,1.0
2020-04-05,Псковская область,Pskov region,0.0,0.0,1.0,9.0,2.0,3.0
2020-04-05,Республика Крым,Republic of Crimea,2.0,0.0,0.0,20.0,0.0,3.0
2020-04-05,Республика Мордовия,The Republic of Mordovia,0.0,0.0,3.0,5.0,0.0,3.0
2020-04-05,Республика Чувашия,Chuvash Republic,2.0,0.0,1.0,4.0,0.0,1.0
2020-04-05,Самарская область,Samara Region,0.0,0.0,1.0,17.0,0.0,8.0
2020-04-05,Санкт-Петербург,St. Petersburg,20.0,0.0,0.0,191.0,2.0,7.0
2020-04-05,Тамбовская область,Tambov Region,0.0,0.0,0.0,7.0,0.0,1.0
2020-04-05,Тверская область,Tver region,0.0,0.0,0.0,6.0,0.0,2.0
2020-04-05,Тульская область,Tula region,10.0,0.0,0.0,29.0,0.0,3.0
2020-04-05,Хабаровский край,Khabarovsk region,1.0,0.0,0.0,11.0,0.0,0.0
2020-04-05,Ханты-Мансийский АО,Khanty-Mansiysk,3.0,0.0,0.0,19.0,0.0,2.0
2020-04-05,Челябинская область,Chelyabinsk region,1.0,0.0,0.0,27.0,0.0,2.0
2020-04-05,Ярославская область,Yaroslavskaya oblast,1.0,0.0,0.0,6.0,0.0,1.0
2020-04-06,Алтайский край,Altai region,5.0,0.0,0.0,12.0,0.0,0.0
2020-04-06,Архангельская область,Arhangelsk region,6.0,0.0,0.0,14.0,0.0,3.0
2020-04-06,Белгород,Belgorod,4.0,0.0,0.0,11.0,0.0,1.0
2020-04-06,Брянская область,Bryansk region,5.0,0.0,0.0,24.0,0.0,0.0
2020-04-06,Владимирская область,Vladimir region,2.0,0.0,0.0,5.0,1.0,0.0
2020-04-06,Волгоградская область,Volgograd region,7.0,0.0,0.0,15.0,0.0,1.0
2020-04-06,Вологодская область,Vologda Region,10.0,0.0,0.0,23.0,0.0,0.0
2020-04-06,Воронежская область,Voronezh region,9.0,0.0,0.0,23.0,0.0,4.0
2020-04-06,Забайкальский край,Transbaikal region,0.0,0.0,0.0,1.0,0.0,1.0
2020-04-06,Ивановская область,Ivanovo region,10.0,0.0,0.0,33.0,0.0,1.0
2020-04-06,Иркутская область,Irkutsk region,5.0,1.0,0.0,13.0,1.0,0.0
2020-04-06,Калужская область,Kaluga region,1.0,0.0,0.0,7.0,0.0,1.0
2020-04-06,Кемеровская область,Kemerovo region,2.0,0.0,0.0,5.0,0.0,2.0
2020-04-06,Кировская область,Kirov region,0.0,0.0,0.0,18.0,0.0,3.0
2020-04-06,Костромская область,Kostroma region,1.0,0.0,0.0,9.0,1.0,0.0
2020-04-06,Краснодарский край,Krasnodar region,11.0,0.0,4.0,50.0,0.0,8.0
2020-04-06,Красноярский край,Krasnoyarsk region,3.0,0.0,1.0,32.0,0.0,5.0
2020-04-06,Ленинградская область,Leningrad region,5.0,0.0,0.0,62.0,0.0,1.0
2020-04-06,Липецкая область,Lipetsk region,8.0,0.0,0.0,26.0,0.0,5.0
2020-04-06,Москва,Moscow,591.0,0.0,8.0,4484.0,29.0,206.0
2020-04-06,Московская область,Moscow region,82.0,1.0,6.0,387.0,3.0,39.0
2020-04-06,Мурманская область,Murmansk region,3.0,0.0,0.0,18.0,0.0,1.0
2020-04-06,Нижегородская область,Nizhny Novgorod Region,9.0,2.0,0.0,56.0,2.0,4.0
2020-04-06,Новгородская область,Novgorod region,2.0,0.0,0.0,5.0,0.0,1.0
2020-04-06,Оренбургская область,Orenburg region,1.0,0.0,0.0,14.0,1.0,1.0
2020-04-06,Орловская область,Oryol Region,1.0,0.0,0.0,7.0,0.0,0.0
2020-04-06,Пензенская область,Penza region,5.0,0.0,0.0,32.0,1.0,1.0
2020-04-06,Приморский край,Primorsky Krai,1.0,0.0,0.0,8.0,1.0,2.0
2020-04-06,Псковская область,Pskov region,1.0,0.0,0.0,10.0,2.0,3.0
2020-04-06,Республика Адыгея,Republic of Adygea,6.0,0.0,0.0,13.0,0.0,0.0
2020-04-06,Республика Бурятия,The Republic of Buryatia,8.0,0.0,0.0,43.0,0.0,0.0
2020-04-06,Республика Дагестан,The Republic of Dagestan,5.0,0.0,4.0,30.0,0.0,4.0
2020-04-06,Республика Карелия,The Republic of Karelia,2.0,0.0,0.0,2.0,0.0,0.0
2020-04-06,Республика Крым,Republic of Crimea,1.0,0.0,3.0,21.0,0.0,6.0
2020-04-06,Республика Марий Эл,Mari El Republic,9.0,0.0,0.0,13.0,0.0,0.0
2020-04-06,Республика Мордовия,The Republic of Mordovia,1.0,0.0,0.0,6.0,0.0,3.0
2020-04-06,Республика Северная Осетия - Алания,Republic of North Ossetia - Alania,3.0,0.0,0.0,8.0,0.0,0.0
2020-04-06,Республика Татарстан,Republic of Tatarstan,16.0,0.0,0.0,41.0,0.0,6.0
2020-04-06,Республика Хакасия,The Republic of Khakassia,2.0,0.0,0.0,5.0,0.0,1.0
2020-04-06,Республика Чувашия,Chuvash Republic,2.0,0.0,0.0,6.0,0.0,1.0
2020-04-06,Республика коми,Komi Republic,31.0,1.0,0.0,90.0,3.0,1.0
2020-04-06,Рязанская область,Ryazan Oblast,5.0,0.0,0.0,17.0,0.0,2.0
2020-04-06,Самарская область,Samara Region,0.0,0.0,1.0,17.0,0.0,9.0
2020-04-06,Санкт-Петербург,St. Petersburg,35.0,1.0,25.0,226.0,3.0,32.0
2020-04-06,Свердловская область,Sverdlovsk region,4.0,0.0,9.0,44.0,0.0,22.0
2020-04-06,Смоленская область,Smolensk region,1.0,0.0,0.0,3.0,0.0,0.0
2020-04-06,Ставропольский край,Stavropol region,9.0,0.0,1.0,20.0,0.0,5.0
2020-04-06,Тамбовская область,Tambov Region,8.0,0.0,0.0,15.0,0.0,2.0
2020-04-06,Тверская область,Tver region,2.0,0.0,0.0,8.0,0.0,2.0
2020-04-06,Тульская область,Tula region,10.0,0.0,1.0,39.0,0.0,4.0
2020-04-06,Ульяновская область,Ulyanovsk region,1.0,0.0,0.0,2.0,0.0,1.0
2020-04-06,Челябинская область,Chelyabinsk region,4.0,0.0,2.0,31.0,0.0,4.0
2020-04-06,Чеченская Республика,Chechen Republic,1.0,0.0,0.0,16.0,1.0,0.0
2020-04-07,Белгород,Belgorod,3.0,0.0,0.0,14.0,0.0,1.0
2020-04-07,Брянская область,Bryansk region,32.0,0.0,0.0,56.0,0.0,0.0
2020-04-07,Владимирская область,Vladimir region,7.0,0.0,0.0,12.0,1.0,0.0
2020-04-07,Волгоградская область,Volgograd region,11.0,0.0,0.0,26.0,0.0,1.0
2020-04-07,Воронежская область,Voronezh region,0.0,0.0,5.0,23.0,0.0,9.0
2020-04-07,Забайкальский край,Transbaikal region,2.0,0.0,0.0,3.0,0.0,1.0
2020-04-07,Ивановская область,Ivanovo region,14.0,0.0,0.0,47.0,0.0,1.0
2020-04-07,Иркутская область,Irkutsk region,1.0,0.0,0.0,14.0,1.0,0.0
2020-04-07,Кабардино-Балкарская Республика,Kabardino-Balkar Republic,5.0,0.0,0.0,13.0,0.0,0.0
2020-04-07,Калининградская область,Kaliningrad region,29.0,0.0,3.0,48.0,0.0,8.0
2020-04-07,Калужская область,Kaluga region,4.0,0.0,1.0,11.0,0.0,2.0
2020-04-07,Карачаево-Черкесская Республика,Karachay-Cherkess Republic,3.0,0.0,0.0,3.0,0.0,0.0
2020-04-07,Кировская область,Kirov region,2.0,0.0,2.0,20.0,0.0,7.0
2020-04-07,Костромская область,Kostroma region,0.0,0.0,2.0,9.0,1.0,2.0
2020-04-07,Краснодарский край,Krasnodar region,11.0,1.0,1.0,61.0,1.0,9.0
2020-04-07,Москва,Moscow,697.0,2.0,16.0,5181.0,31.0,222.0
2020-04-07,Московская область,Moscow region,67.0,5.0,8.0,454.0,8.0,47.0
2020-04-07,Нижегородская область,Nizhny Novgorod Region,0.0,0.0,4.0,56.0,2.0,8.0
2020-04-07,Омская область,Omsk region,4.0,0.0,0.0,14.0,0.0,0.0
2020-04-07,Орловская область,Oryol Region,5.0,0.0,3.0,12.0,0.0,3.0
2020-04-07,Пензенская область,Penza region,19.0,0.0,0.0,51.0,1.0,1.0
2020-04-07,Пермский край,Perm,11.0,0.0,2.0,32.0,2.0,5.0
2020-04-07,Приморский край,Primorsky Krai,0.0,1.0,0.0,8.0,2.0,2.0
2020-04-07,Псковская область,Pskov region,4.0,0.0,0.0,14.0,2.0,3.0
2020-04-07,Республика Башкортостан,Republic of Bashkortostan,2.0,0.0,0.0,12.0,0.0,5.0
2020-04-07,Республика Бурятия,The Republic of Buryatia,7.0,1.0,0.0,50.0,1.0,0.0
2020-04-07,Республика Дагестан,The Republic of Dagestan,13.0,0.0,0.0,43.0,0.0,4.0
2020-04-07,Республика Ингушетия,The Republic of Ingushetia,6.0,0.0,0.0,7.0,0.0,0.0
2020-04-07,Республика Калмыкия,Republic of Kalmykia,4.0,0.0,0.0,11.0,0.0,0.0
2020-04-07,Республика Крым,Republic of Crimea,1.0,0.0,0.0,22.0,0.0,6.0
2020-04-07,Республика Северная Осетия - Алания,Republic of North Ossetia - Alania,1.0,0.0,0.0,9.0,0.0,0.0
2020-04-07,Республика Татарстан,Republic of Tatarstan,0.0,0.0,2.0,41.0,0.0,8.0
2020-04-07,Республика Чувашия,Chuvash Republic,11.0,0.0,0.0,17.0,0.0,1.0
2020-04-07,Республика коми,Komi Republic,11.0,0.0,0.0,101.0,3.0,1.0
2020-04-07,Ростовская область,Rostov region,8.0,0.0,0.0,17.0,0.0,0.0
2020-04-07,Санкт-Петербург,St. Petersburg,69.0,0.0,0.0,295.0,3.0,32.0
2020-04-07,Саратовская область,Saratov region,6.0,0.0,0.0,25.0,0.0,1.0
2020-04-07,Сахалинская область,Sakhalin region,0.0,0.0,4.0,6.0,0.0,4.0
2020-04-07,Свердловская область,Sverdlovsk region,7.0,0.0,0.0,51.0,0.0,22.0
2020-04-07,Ставропольский край,Stavropol region,19.0,0.0,0.0,39.0,0.0,5.0
2020-04-07,Тульская область,Tula region,10.0,0.0,1.0,49.0,0.0,5.0
2020-04-07,Тюменская область,Tyumen region,7.0,0.0,2.0,18.0,0.0,4.0
2020-04-07,Удмуртская Республика,Udmurt republic,4.0,0.0,0.0,9.0,0.0,3.0
2020-04-07,Ульяновская область,Ulyanovsk region,2.0,0.0,0.0,4.0,0.0,1.0
2020-04-07,Хабаровский край,Khabarovsk region,5.0,0.0,0.0,16.0,0.0,0.0
2020-04-07,Ханты-Мансийский АО,Khanty-Mansiysk,19.0,0.0,0.0,38.0,0.0,2.0
2020-04-07,Челябинская область,Chelyabinsk region,1.0,0.0,0.0,32.0,0.0,4.0
2020-04-07,Чеченская Республика,Chechen Republic,1.0,0.0,12.0,17.0,1.0,12.0
2020-04-07,Якутия,Yakutia,0.0,0.0,3.0,15.0,0.0,7.0
2020-04-07,Ямало-Ненецкий АО,Yamalo-Nenets Autonomous Okrug,18.0,0.0,0.0,30.0,0.0,0.0
2020-04-07,Ярославская область,Yaroslavskaya oblast,5.0,0.0,0.0,11.0,0.0,1.0
2020-04-08,Алтайский край,Altai region,6.0,0.0,0.0,18.0,0.0,0.0
2020-04-08,Белгород,Belgorod,4.0,0.0,0.0,18.0,0.0,1.0
2020-04-08,Брянская область,Bryansk region,1.0,0.0,0.0,57.0,0.0,0.0
2020-04-08,Владимирская область,Vladimir region,2.0,0.0,0.0,14.0,1.0,0.0
2020-04-08,Волгоградская область,Volgograd region,0.0,0.0,1.0,26.0,0.0,2.0
2020-04-08,Вологодская область,Vologda Region,4.0,0.0,0.0,27.0,0.0,0.0
2020-04-08,Воронежская область,Voronezh region,10.0,0.0,0.0,33.0,0.0,9.0
2020-04-08,Еврейская автономная область,Jewish Autonomous Region,3.0,0.0,0.0,6.0,0.0,0.0
2020-04-08,Забайкальский край,Transbaikal region,1.0,0.0,0.0,4.0,0.0,1.0
2020-04-08,Иркутская область,Irkutsk region,0.0,1.0,0.0,14.0,2.0,0.0
2020-04-08,Кабардино-Балкарская Республика,Kabardino-Balkar Republic,10.0,0.0,1.0,23.0,0.0,1.0
2020-04-08,Калининградская область,Kaliningrad region,1.0,0.0,1.0,49.0,0.0,9.0
2020-04-08,Карачаево-Черкесская Республика,Karachay-Cherkess Republic,2.0,0.0,0.0,5.0,0.0,0.0
2020-04-08,Кемеровская область,Kemerovo region,2.0,0.0,0.0,7.0,0.0,2.0
2020-04-08,Краснодарский край,Krasnodar region,24.0,0.0,6.0,85.0,1.0,15.0
2020-04-08,Красноярский край,Krasnoyarsk region,7.0,0.0,1.0,39.0,0.0,6.0
2020-04-08,Курганская область,Kurgan region,1.0,0.0,0.0,3.0,0.0,1.0
2020-04-08,Курская область,Kursk region,6.0,0.0,0.0,10.0,0.0,0.0
2020-04-08,Ленинградская область,Leningrad region,32.0,0.0,2.0,94.0,0.0,3.0
2020-04-08,Липецкая область,Lipetsk region,18.0,0.0,0.0,44.0,0.0,5.0
2020-04-08,Москва,Moscow,660.0,0.0,48.0,5841.0,31.0,270.0
2020-04-08,Московская область,Moscow region,95.0,2.0,3.0,549.0,10.0,50.0
2020-04-08,Мурманская область,Murmansk region,25.0,0.0,1.0,43.0,0.0,2.0
2020-04-08,Нижегородская область,Nizhny Novgorod Region,24.0,0.0,5.0,80.0,2.0,13.0
2020-04-08,Новосибирская область,Novosibirsk region,2.0,0.0,0.0,13.0,0.0,2.0
2020-04-08,Омская область,Omsk region,1.0,0.0,0.0,15.0,0.0,0.0
2020-04-08,Оренбургская область,Orenburg region,8.0,0.0,0.0,22.0,1.0,1.0
2020-04-08,Пензенская область,Penza region,1.0,0.0,0.0,52.0,1.0,1.0
2020-04-08,Пермский край,Perm,0.0,0.0,1.0,32.0,2.0,6.0
2020-04-08,Приморский край,Primorsky Krai,7.0,0.0,0.0,15.0,2.0,2.0
2020-04-08,Республика Башкортостан,Republic of Bashkortostan,4.0,0.0,0.0,16.0,0.0,5.0
2020-04-08,Республика Дагестан,The Republic of Dagestan,1.0,0.0,0.0,44.0,0.0,4.0
2020-04-08,Республика Ингушетия,The Republic of Ingushetia,18.0,0.0,0.0,25.0,0.0,0.0
2020-04-08,Республика Калмыкия,Republic of Kalmykia,4.0,0.0,2.0,15.0,0.0,2.0
2020-04-08,Республика Крым,Republic of Crimea,1.0,0.0,0.0,23.0,0.0,6.0
2020-04-08,Республика Марий Эл,Mari El Republic,27.0,0.0,0.0,40.0,0.0,0.0
2020-04-08,Республика Мордовия,The Republic of Mordovia,7.0,0.0,0.0,13.0,0.0,3.0
2020-04-08,Республика Северная Осетия - Алания,Republic of North Ossetia - Alania,6.0,1.0,0.0,15.0,1.0,0.0
2020-04-08,Республика Татарстан,Republic of Tatarstan,0.0,0.0,2.0,41.0,0.0,10.0
2020-04-08,Республика Хакасия,The Republic of Khakassia,1.0,0.0,0.0,6.0,0.0,1.0
2020-04-08,Республика коми,Komi Republic,18.0,0.0,0.0,119.0,3.0,1.0
2020-04-08,Ростовская область,Rostov region,4.0,0.0,0.0,21.0,0.0,0.0
2020-04-08,Рязанская область,Ryazan Oblast,15.0,0.0,0.0,32.0,0.0,2.0
2020-04-08,Самарская область,Samara Region,1.0,0.0,0.0,18.0,0.0,9.0
2020-04-08,Санкт-Петербург,St. Petersburg,34.0,0.0,11.0,329.0,3.0,43.0
2020-04-08,Саратовская область,Saratov region,1.0,0.0,0.0,26.0,0.0,1.0
2020-04-08,Сахалинская область,Sakhalin region,5.0,0.0,0.0,11.0,0.0,4.0
2020-04-08,Свердловская область,Sverdlovsk region,5.0,0.0,3.0,56.0,0.0,25.0
2020-04-08,Севастополь,Sevastopol,0.0,0.0,2.0,5.0,0.0,2.0
2020-04-08,Смоленская область,Smolensk region,4.0,0.0,0.0,7.0,0.0,0.0
2020-04-08,Тамбовская область,Tambov Region,6.0,0.0,0.0,21.0,0.0,3.0
2020-04-08,Тверская область,Tver region,4.0,0.0,0.0,12.0,0.0,2.0
2020-04-08,Томская область,Tomsk region,1.0,0.0,0.0,4.0,0.0,1.0
2020-04-08,Тульская область,Tula region,5.0,0.0,0.0,54.0,0.0,5.0
2020-04-08,Хабаровский край,Khabarovsk region,8.0,1.0,0.0,24.0,1.0,0.0
2020-04-08,Ханты-Мансийский АО,Khanty-Mansiysk,3.0,0.0,1.0,41.0,0.0,3.0
2020-04-08,Чеченская Республика,Chechen Republic,5.0,0.0,3.0,22.0,1.0,15.0
2020-04-08,Якутия,Yakutia,1.0,0.0,0.0,16.0,0.0,7.0
2020-04-08,Ямало-Ненецкий АО,Yamalo-Nenets Autonomous Okrug,11.0,0.0,0.0,41.0,0.0,0.0
